{
  "59Qbot and Zerologon Lead To Full Domain Compromise": {
    "precision": 0.8726394378568292,
    "recall": 0.9259030183077684,
    "f1": 0.8984688828084066,
    "similarity": 0.9062949290462569
  },
  "74Sqlserver, or the Miner in the Basement": {
    "precision": 0.796218487394958,
    "recall": 0.822192513368984,
    "f1": 0.8088235294117647,
    "similarity": 0.827446101235643
  },
  "15WebLogic RCE Leads to XMRig": {
    "precision": 0.9132775119617225,
    "recall": 0.9074675324675324,
    "f1": 0.9103535353535352,
    "similarity": 0.9137898764711745
  },
  "41GoGoogle Ransomware": {
    "precision": 0.8232758620689655,
    "recall": 0.8882611424984306,
    "f1": 0.8545296167247387,
    "similarity": 0.8763513282934825
  },
  "69SEO Poisoning to Domain Control_ The Gootloader Saga Continues": {
    "precision": 0.9125374713454417,
    "recall": 0.9432656053623796,
    "f1": 0.9276325782507874,
    "similarity": 0.9319798253451926
  },
  "09All That for a Coinminer_": {
    "precision": 0.887375415282392,
    "recall": 0.9743589743589743,
    "f1": 0.9288314524936294,
    "similarity": 0.9313922038153997
  },
  "68SEO Poisoning – A Gootloader Story": {
    "precision": 0.8106167846309404,
    "recall": 0.899337385412515,
    "f1": 0.8526725758796669,
    "similarity": 0.8766654190073655
  },
  "14BazarLoader and the Conti Leaks": {
    "precision": 0.9118181818181819,
    "recall": 0.9443656226722945,
    "f1": 0.9278048780487804,
    "similarity": 0.9324858671142942
  },
  "81Trickbot Leads Up to Fake 1Password Installation": {
    "precision": 0.889041514041514,
    "recall": 0.8799601196410768,
    "f1": 0.8844768978975198,
    "similarity": 0.8932823476516805
  },
  "82Trickbot Still Alive and Well": {
    "precision": 0.9105180533751962,
    "recall": 0.915146708961142,
    "f1": 0.9128205128205129,
    "similarity": 0.9168244457849672
  },
  "45IcedID and Cobalt Strike vs Antivirus": {
    "precision": 0.8653085443037974,
    "recall": 0.9100877192982456,
    "f1": 0.8870967741935485,
    "similarity": 0.8982923143618815
  },
  "70ShareFinder_ How Threat Actors Discover File Shares": {
    "precision": 0.8945054945054944,
    "recall": 0.8607723577235773,
    "f1": 0.8772887323943661,
    "similarity": 0.8893712607503338
  },
  "22Cobalt Strike and a Pair of SOCKS Lead to LockBit Ransomware": {
    "precision": 0.9039947071024963,
    "recall": 0.9659107205047835,
    "f1": 0.9336085311317509,
    "similarity": 0.9387190360011477
  },
  "18BumbleBee Roasts Its Way to Domain Admin": {
    "precision": 0.9036458333333333,
    "recall": 0.9474910394265232,
    "f1": 0.9249871991807476,
    "similarity": 0.9316243749398452
  },
  "20BumbleBee_ Round Two": {
    "precision": 0.8869480724906222,
    "recall": 0.9687229904926534,
    "f1": 0.9256219733096743,
    "similarity": 0.9288457716399484
  },
  "08AdFind Recon": {
    "precision": 0.8214285714285714,
    "recall": 0.96875,
    "f1": 0.8885448916408669,
    "similarity": 0.89698726439237
  },
  "73SQL Brute Force Leads to BlueSky Ransomware": {
    "precision": 0.8861928104575163,
    "recall": 0.9245593733309596,
    "f1": 0.9049587657425362,
    "similarity": 0.9161147433020178
  },
  "03ModernLoader delivers multiple stealers, cryptominers and RATs": {
    "precision": 0.8804586241276171,
    "recall": 0.9308105687416033,
    "f1": 0.9045584045584045,
    "similarity": 0.9145658348742646
  },
  "47IcedID Macro Ends in Nokoyawa Ransomware": {
    "precision": 0.9210626185958255,
    "recall": 0.9563758389261745,
    "f1": 0.9383863851244878,
    "similarity": 0.9432658668492688
  },
  "71Snatch Ransomware": {
    "precision": 0.8606418918918919,
    "recall": 0.8757628596338274,
    "f1": 0.868082368082368,
    "similarity": 0.8879945604488103
  },
  "57PHOSPHORUS Automates Initial Access Using ProxyShell": {
    "precision": 0.8307992916895646,
    "recall": 0.9479703608247423,
    "f1": 0.8841811846689895,
    "similarity": 0.899410938296938
  },
  "79Will the Real Msiexec Please Stand Up_ Exploit Leads to Data Exfiltration": {
    "precision": 0.9237829478214094,
    "recall": 0.9685534591194969,
    "f1": 0.9455977724517131,
    "similarity": 0.9495208791484078
  },
  "31Defender Control": {
    "precision": 0.7412587412587412,
    "recall": 0.7147435897435898,
    "f1": 0.7274247491638797,
    "similarity": 0.7920643945535024
  },
  "56Nitrogen Campaign Drops Sliver and Ends With BlackCat Ransomware": {
    "precision": 0.9055387496398732,
    "recall": 0.9542332447404656,
    "f1": 0.9292207299491615,
    "similarity": 0.9343189485217561
  },
  "23Cobalt Strike, a Defender’s Guide – Part 2": {
    "precision": 0.8922922922922922,
    "recall": 0.9342857142857143,
    "f1": 0.9127882599580712,
    "similarity": 0.9233797618806192
  },
  "25Collect, Exfiltrate, Sleep, Repeat": {
    "precision": 0.9210701969073312,
    "recall": 0.9667279411764707,
    "f1": 0.9433455860902036,
    "similarity": 0.9462949087388539
  },
  "50Laravel Apps Leaking Secrets": {
    "precision": 0.8486215538847117,
    "recall": 0.9299999999999999,
    "f1": 0.8871632765255635,
    "similarity": 0.8996730736323766
  },
  "44HTML Smuggling Leads to Domain Wide Ransomware": {
    "precision": 0.8826613030946122,
    "recall": 0.9446902654867257,
    "f1": 0.9126202909835719,
    "similarity": 0.9217261552899616
  },
  "05 2021 Year In Review": {
    "precision": 0.9036875495638382,
    "recall": 0.9376600102406554,
    "f1": 0.9203536184210526,
    "similarity": 0.926879491052057
  },
  "21Buzzing on Christmas Eve_ Trigona Ransomware in 3 Hours": {
    "precision": 0.8369011838311967,
    "recall": 0.9210526315789473,
    "f1": 0.8767548858216201,
    "similarity": 0.8947950786675329
  },
  "38From OneNote to RansomNote_ An Ice Cold Intrusion": {
    "precision": 0.8412782144820721,
    "recall": 0.9119368102902932,
    "f1": 0.8749838730486388,
    "similarity": 0.8940228603058457
  },
  "58PYSA_Mespinoza Ransomware": {
    "precision": 0.8504273504273505,
    "recall": 0.9347826086956521,
    "f1": 0.8905571847507332,
    "similarity": 0.9046644867607063
  },
  "65Ryuk’s Return": {
    "precision": 0.8993583248902398,
    "recall": 0.9361721611721612,
    "f1": 0.9173807954295758,
    "similarity": 0.9258628172982007
  },
  "28CONTInuing the Bazar Ransomware Story": {
    "precision": 0.8983356449375867,
    "recall": 0.9187192118226601,
    "f1": 0.908401544948797,
    "similarity": 0.9206382270744299
  },
  "37From IcedID to Dagon Locker Ransomware in 29 Days": {
    "precision": 0.9013300251002567,
    "recall": 0.94055702250723,
    "f1": 0.9205183390274371,
    "similarity": 0.927744033525316
  },
  "16BazarLoader to Conti Ransomware in 32 Hours": {
    "precision": 0.7809301625526791,
    "recall": 0.8952456892255557,
    "f1": 0.833972343083617,
    "similarity": 0.8624126729122586
  },
  "01Threat Spotlight Cyber Criminal Adoption of IPFS for Phishing, Malware Campaigns": {
    "precision": 0.822742474916388,
    "recall": 0.8671150278293136,
    "f1": 0.8443344334433442,
    "similarity": 0.8644062811678106
  },
  "27Conti Ransomware": {
    "precision": 0.8714285714285714,
    "recall": 0.9523809523809523,
    "f1": 0.91005291005291,
    "similarity": 0.9166250143732344
  },
  "66SANS Ransomware Summit 2022, Can You Detect This_": {
    "precision": 0.8659730722154223,
    "recall": 0.9337606837606838,
    "f1": 0.898483849703362,
    "similarity": 0.9070567001467166
  },
  "78Threat Actors’ Toolkit_ Leveraging Sliver, PoshC2 & Batch Scripts": {
    "precision": 0.923943747717034,
    "recall": 0.9521857923497268,
    "f1": 0.937818533303206,
    "similarity": 0.9434070647643737
  },